email,name
response@aberdeencity.gov.uk,Aberdeen City Council
roads@aberdeenshire.gov.uk,Aberdeenshire Council
accessline@angus.gov.uk,Angus Council
roads.northern@drdni.gov.uk,Antrim Borough Council
roads.southern@drdni.gov.uk,Ards Borough Council
enquiries@argyll-bute.gov.uk,Argyll and Bute Council
roads.southern@drdni.gov.uk,Armagh District Council
roads.northern@drdni.gov.uk,Ballymena Borough Council
roads.northern@drdni.gov.uk,Ballymoney Borough Council
roads.southern@drdni.gov.uk,Banbridge District Council
3000direct@lbbd.gov.uk,Barking and Dagenham Borough Council
first.contact@barnet.gov.uk,Barnet Borough Council
townhall@barnsley.gov.uk,Barnsley Borough Council
councilconnect@bathnes.gov.uk,Bath and North East Somerset Council
highways.helpdesk@bedford.gov.uk,Bedford Borough Council
talk-to-us@bedscc.gov.uk,Bedfordshire County Council
roads.eastern@drdni.gov.uk,Belfast City Council
worksdirect@bexley.gov.uk,Bexley Borough Council
contact@birmingham.gov.uk,Birmingham City Council
info@blackburn.gov.uk,Blackburn with Darwen Borough Council
technical.services@blackpool.gov.uk,Blackpool Borough Council
info@blaenau-gwent.gov.uk,Blaenau Gwent Council
streetcare@bolton.gov.uk,Bolton Borough Council
enquiries@bournemouth.gov.uk,Bournemouth Borough Council
customer.services@bracknell-forest.gov.uk,Bracknell Forest Council
council.contact@bradford.gov.uk,Bradford City Council
customer.services@brent.gov.uk,Brent Borough Council
talktous@bridgend.gov.uk,Bridgend Council
customer.services@bristol.gov.uk,Bristol City Council
tfb@buckscc.gov.uk,Buckinghamshire County Council
customerserviceseds@bury.gov.uk,Bury Borough Council
engineering@caerphilly.gov.uk,Caerphilly Council
customer.first@calderdale.gov.uk,Calderdale Borough Council
street.scene@cambridgeshire.gov.uk,Cambridgeshire County Council
engineeringservice@camden.gov.uk,Camden Borough Council
c2c@cardiff.gov.uk,Cardiff Council
direct@carmarthenshire.gov.uk,Carmarthenshire Council
roads.eastern@drdni.gov.uk,Carrickfergus Borough Council
roads.eastern@drdni.gov.uk,Castlereagh Borough Council
highways@centralbedfordshire.gov.uk,Central Bedfordshire Council
hpw@ceredigion.gov.uk,Ceredigion Council
info@cheshire.gov.uk,Cheshire County Council
CEHNorth@cheshireeast.gov.uk,Cheshire East Council
wyvernhousecontactcentre@cheshirewestandchester.gov.uk,Cheshire West and Chester Council
clarence@edinburgh.gov.uk,City of Edinburgh Council
DES.GeneralENQ@cityoflondon.gov.uk,City of London Corporation
YCC@york.gov.uk,City of York Council
contactcentre@clacks.gov.uk,Clackmannanshire Council
roads.northern@drdni.gov.uk,Coleraine Borough Council
enquiries@cne-siar.gov.uk,Comhairle nan Eilean Siar
highwaymaintenance@conwy.gov.uk,Conwy Council
roads.western@drdni.gov.uk,Cookstown District Council
highways@cornwall.gov.uk,Cornwall Council
coventrydirect@coventry.gov.uk,Coventry City Council
roads.southern@drdni.gov.uk,Craigavon Borough Council
contact.thecouncil@croydon.gov.uk,Croydon Borough Council
highways@cumbria.gov.uk,Cumbria County Council
customerservices@darlington.gov.uk,Darlington Borough Council
customerservice@denbighshire.gov.uk,Denbighshire Council
customerservices@derby.gov.uk,Derby City Council
contact.centre@derbyshire.gov.uk,Derbyshire County Council
roads.northern@drdni.gov.uk,Derry City Council
community.first@doncaster.gov.uk,Doncaster Borough Council
dorsetdirect@dorsetcc.gov.uk,Dorset County Council
roads.southern@drdni.gov.uk,Down District Council
dudleycouncilplus@dudley.gov.uk,Dudley Borough Council
CIS@dumgal.gov.uk,Dumfries and Galloway Council
customerservices@dundeecity.gov.uk,Dundee City Council
roads.western@drdni.gov.uk,Dungannon and South Tyrone Borough Council
HAL@durham.gov.uk,Durham County Council
customers@ealing.gov.uk,Ealing Borough Council
roads@east-ayrshire.gov.uk,East Ayrshire Council
roadservices@eastdunbarton.gov.uk,East Dunbartonshire Council
transportation@eastlothian.gov.uk,East Lothian Council
customerservices@eastrenfrewshire.gov.uk,East Renfrewshire Council
customer.services@eastriding.gov.uk,East Riding of Yorkshire Council
highways@eastsussex.gov.uk,East Sussex County Council
esgcomplaints@enfield.gov.uk,Enfield Borough Council
contact.centre@falkirk.gov.uk,Falkirk Council
roads.western@drdni.gov.uk,Fermanagh District Council
Transportation.Defect-Reports@fife.gov.uk,Fife Council
fixmystreet@flintshire.gov.uk,Flintshire Council
enquiries.localenvservices@gateshead.gov.uk,Gateshead Borough Council
clean@glasgow.gov.uk,Glasgow City Council
highways@gloucestershire.gov.uk,Gloucestershire County Council
cleansweep@greenwich.gov.uk,Greenwich Borough Council
enquiries@gwynedd.gov.uk,Gwynedd Council
info@hackney.gov.uk,Hackney Borough Council
hdl@halton.gov.uk,Halton Borough Council
HighwaysGeneral@lbhf.gov.uk,Hammersmith and Fulham Borough Council
roads@hants.gov.uk,Hampshire County Council
frontline@haringey.gov.uk,Haringey Borough Council
info@harrow.gov.uk,Harrow Borough Council
customer.service@hartlepool.gov.uk,Hartlepool Borough Council
streetcare@havering.gov.uk,Havering Borough Council
info@herefordshire.gov.uk,Herefordshire Council
hertsdirect@hertscc.gov.uk,Hertfordshire County Council
customer.service@highland.gov.uk,Highland Council
contactcentre1@hillingdon.gov.uk,Hillingdon Borough Council
highways@hounslow.gov.uk,Hounslow Borough Council
info@hullcc.gov.uk,Hull City Council
roads@inverclyde.gov.uk,Inverclyde Council
customer.service@suffolk.gov.uk,Ipswich Borough Council
pem@anglesey.gov.uk,Isle of Anglesey Council
info@islandroads.com,Isle of Wight Council
techservices@scilly.gov.uk,Isles of Scilly Council
contact@islington.gov.uk,Islington Borough Council
streetline@rbkc.gov.uk,Kensington and Chelsea Borough Council
highways@kent.gov.uk,Kent County Council
environment@rbk.kingston.gov.uk,Kingston upon Thames Borough Council
highways.ross@kirklees.gov.uk,Kirklees Borough Council
customerservices@knowsley.gov.uk,Knowsley Borough Council
streetcarecallcentre@lambeth.gov.uk,Lambeth Borough Council
highways@lancashire.gov.uk,Lancashire County Council
roads.northern@drdni.gov.uk,Larne Borough Council
highways@leeds.gov.uk,Leeds City Council
customer.services@leicester.gov.uk,Leicester City Council
customerservices@leics.gov.uk,Leicestershire County Council
envirocall@lewisham.gov.uk,Lewisham Borough Council
roads.northern@drdni.gov.uk,Limavady Borough Council
csc_hp_onlineforms@lincolnshire.gov.uk,Lincolnshire County Council
roads.eastern@drdni.gov.uk,Lisburn Borough Council
liverpool.direct@liverpool.gov.uk,Liverpool City Council
Highways@luton.gov.uk,Luton Borough Council
roads.western@drdni.gov.uk,Magherafelt District Council
contact@manchester.gov.uk,Manchester City Council
customer.first@medway.gov.uk,Medway Council
customer.care@merthyr.gov.uk,Merthyr Tydfil Council
trafficandhighways@merton.gov.uk,Merton Borough Council
envservices@middlesbrough.gov.uk,Middlesbrough Council
enquiries@midlothian.gov.uk,Midlothian Council
envservices@milton-keynes.gov.uk,Milton Keynes Council
Highways@Monmouthshire.gov.uk,Monmouthshire Council
road.maint@moray.gov.uk,Moray Council
roads.northern@drdni.gov.uk,Moyle District Council
customerservicecentre@npt.gov.uk,Neath Port Talbot Council
envirocall@newcastle.gov.uk,Newcastle upon Tyne City Council
customer.services@newham.gov.uk,Newham Borough Council
info@newport.gov.uk,Newport Council
roads.southern@drdni.gov.uk,Newry and Mourne District Council
roads.eastern@drdni.gov.uk,Newtownabbey Borough Council
information@norfolk.gov.uk,Norfolk County Council
streetdoctor@northamptonshire.gov.uk,Northamptonshire County Council
contactus@north-ayrshire.gov.uk,North Ayrshire Council
roads.eastern@drdni.gov.uk,North Down Borough Council
customerrequests@nelincs.gov.uk,North East Lincolnshire Council
roads@northlan.gov.uk,North Lanarkshire Council
customerservice@northlincs.gov.uk,North Lincolnshire Council
streetsandopenspaces@n-somerset.gov.uk,North Somerset Council
contact.us@northtyneside.gov.uk,North Tyneside Borough Council
contactcentre@northumberland.gov.uk,Northumberland County Council
customer.services@northyorks.gov.uk,North Yorkshire County Council
highways@norwich.gov.uk,Norwich City Council
highway.repairs@nottinghamcity.gov.uk,Nottingham City Council
enquiries@nottscc.gov.uk,Nottinghamshire County Council
highways@oldham.gov.uk,Oldham Borough Council
roads.western@drdni.gov.uk,Omagh District Council
customerservice@orkney.gov.uk,Orkney Islands Council
psl@pembrokeshire.gov.uk,Pembrokeshire Council
Clarence@pkc.gov.uk,Perth and Kinross Council
highways@peterborough.gov.uk,Peterborough City Council
highways@plymouth.gov.uk,Plymouth City Council
transportation@poole.gov.uk,Poole Borough Council
Cityhelpdesk@portsmouthcc.gov.uk,Portsmouth City Council
tlshelpdesk@powys.gov.uk,Powys Council
webform@reading.gov.uk,Reading Borough Council
streetscene@redbridge.gov.uk,Redbridge Borough Council
contactus@redcar-cleveland.gov.uk,Redcar and Cleveland Borough Council
customerservices.contact@renfrewshire.gov.uk,Renfrewshire Council
Customer.Services@rhondda-cynon-taff.gov.uk,Rhondda Cynon Taf Council
customer.services@richmond.gov.uk,Richmond upon Thames Borough Council
engineers@rochdale.gov.uk,Rochdale Borough Council
streetpride@rotherham.gov.uk,Rotherham Borough Council
enquiries@rutland.gov.uk,Rutland County Council
environment@salford.gov.uk,Salford City Council
environment@sandwell.gov.uk,Sandwell Borough Council
sblocal@scotborders.gov.uk,Scottish Borders Council
contact@sefton.gov.uk,Sefton Borough Council
Streetsahead@sheffield.gov.uk,Sheffield City Council
info@shetland.gov.uk,Shetland Islands Council
customer.service@shropshire.gov.uk,Shropshire Council
highways@slough.gov.uk,Slough Borough Council
connectcc@solihull.gov.uk,Solihull Borough Council
roadsandtransport@somerset.gov.uk,Somerset County Council
actionline@southampton.gov.uk,Southampton City Council
RoadsandLightingFaults@south-ayrshire.gov.uk,South Ayrshire Council
streetcare@southglos.gov.uk,South Gloucestershire Council
customer.services@southlanarkshire.gov.uk,South Lanarkshire Council
Customerhelp@southtyneside.gov.uk,South Tyneside Borough Council
environment@southwark.gov.uk,Southwark Borough Council
highways@staffordshire.gov.uk,Staffordshire County Council
customerservice@csduk.com,St Edmundsbury Borough Council
contactcentre@sthelens.gov.uk,St Helens Borough Council
info@stirling.gov.uk,Stirling Council
streetscene@stockport.gov.uk,Stockport Borough Council
technicalservices@stockton.gov.uk,Stockton-on-Tees Borough Council
enquiries@stoke.gov.uk,Stoke-on-Trent City Council
roads.western@drdni.gov.uk,Strabane District Council
customerservice@csduk.com,Suffolk County Council
highwaymaintenance@sunderland.gov.uk,Sunderland City Council
contact.centre@surreycc.gov.uk,Surrey County Council
waste.management@sutton.gov.uk,Sutton Borough Council
highways@swansea.gov.uk,Swansea Council
customerservices@swindon.gov.uk,Swindon Borough Council
customer.services@tameside.gov.uk,Tameside Borough Council
highways@telford.gov.uk,Telford and Wrekin Council
general.enquiries@thurrock.gov.uk,Thurrock Borough Council
highways@torbay.gov.uk,Torbay Borough Council
streetscene@torfaen.gov.uk,Torfaen Council
generalenquiries@towerhamlets.gov.uk,Tower Hamlets Borough Council
access.trafford@trafford.gov.uk,Trafford Borough Council
contactonevale@valeofglamorgan.gov.uk,Vale of Glamorgan Council
es-contactcentre@wakefield.gov.uk,Wakefield City Council
roadworksmanagement@walsall.gov.uk,Walsall Borough Council
wfdirect@walthamforest.gov.uk,Waltham Forest Borough Council
highways@wandsworth.gov.uk,Wandsworth Borough Council
online@warrington.gov.uk,Warrington Borough Council
feedback@warwickshire.gov.uk,Warwickshire County Council
roads@west-dunbarton.gov.uk,West Dunbartonshire Council
customer.services@westlothian.gov.uk,West Lothian Council
onestopenquiries@westminster.gov.uk,Westminster City Council
highways@westsussex.gov.uk,West Sussex County Council
Streetscene@wiganmbc.gov.uk,Wigan Borough Council
clarence@wiltshire.gov.uk,Wiltshire Council
customer.service@rbwm.gov.uk,Windsor and Maidenhead Council
streetscene@wirral.gov.uk,Wirral Borough Council
wokinghamdirect@wokingham.gov.uk,Wokingham Borough Council
city.direct@wolverhampton.gov.uk,Wolverhampton City Council
worcestershirehub@worcestershire.gov.uk,Worcestershire County Council
contact-us@wrexham.gov.uk,Wrexham Council
